Audio File	Translation
dede_0.mp3	San Francisco, es war noch nie leicht, ein rationales Gespräch über den Wert von Gold zu führen.
dede_1.mp3	In letzter Zeit allerdings ist dies schwieriger, denn je ist doch der Goldpreis im letzten Jahrzehnt um über 300 Prozent angestiegen.
dede_2.mp3	erst letzten dezember verfaßten meine kollegen martin feldstein und nuriel rubini kommentare in denen sie mutig die vorherrschende optimistische marktstimmung hinterfragten und sehr überlegt auf die risiken des goldes hinwiesen
dede_3.mp3	Und es kam, wie es kommen musste.
dede_4.mp3	Seit der Veröffentlichung ihrer Artikel ist der Goldpreis noch weiter gestiegen.
dede_5.mp3	Jüngst erreichte er sogar einen Rekordhoch von 1300 Dollar.
dede_6.mp3	Im letzten Dezember argumentierten die Goldbooks, dass der Preis zweifellos in Richtung 2000 Dollar gehen würde.
dede_7.mp3	Beflügelt aufgrund des anhaltenden Aufwärtstrends, meint man nun mancherorts, dass Gold sogar noch höher steigen könnte.
dede_8.mp3	ein erfolgreicher goldinvestor erklärte mir vor kurzem daß die aktienkurse über ein jahrzehnt dahin gedimpelt waren bevor der dow jones index in den frühen neunzehnhundertachtziger jahren die marke von eintausend punkten überschritt
dede_9.mp3	Seitdem ist er auf über 10.000 Punkte gestiegen.
dede_10.mp3	Nun hat Gold die magische Grenze von 1000 Dollar überschritten. Warum sollte sich sein Wert daher nicht auch verzehnfachen?
dede_11.mp3	Zugegeben, es bedarf keiner großen Fantasie, um sich einen noch höheren Goldpreis vorzustellen.
dede_12.mp3	Denn inflationsbereinigt erreicht der Goldpreis von heute nicht annähernd das Allzeithoch von Januar 1980.
dede_13.mp3	Damals lag Gold bei 850 Dollar, also in heutigen Geldwert um einiges über 2000 Dollar.
dede_14.mp3	Allerdings gab es im Januar 1980 offensichtlich einen Freak Peak in einer Zeit erhöhter geopolitischer Instabilität.
dede_15.mp3	Bei einem Wert von 1300 Dollar ist der heutige Preis wohl doppelt so hoch wie die sehr langfristigen, inflationsbereinigten Durchschnittsgoldpreise.
dede_16.mp3	Was also könnte einen weiteren kolossalen Anstieg des Goldpreises von diesem Wert aus begründen?
dede_17.mp3	Eine Möglichkeit wäre natürlich der totale Zusammenbruch des US-Dollars.
dede_18.mp3	Angesichts aufernder Defizite und einer richtungslosen Fiskalpolitik fragt man sich, ob eine populistische Administration nicht doch leichtsinnigerweise die Gelddruckmaschine anwerfen würde.
dede_19.mp3	Und wer sich in dieser Hinsicht wirklich Sorgen macht, könnte in Gold tatsächlich die verlässlichste Absicherung finden.
dede_20.mp3	Natürlich kann man einwenden, dass inflationsindexierte Anleihen eine bessere und direktere Absicherung sein als Gold.
dede_21.mp3	Aber die Goldbucks machen sich zu Recht Sorgen, ob die Regierung ein derartiges Engagement unter extremeren Umständen würdigte.
dede_22.mp3	wie kamen reinhardt und ich in unserem jüngsten buch über die geschichte von finanzkrisen dieses mal ist alles anders zeigen konvertieren pleite regierungen diese indexierten anleihen oftmals zwangsweise in nichtindexierte auf daß sich ihr wert weginflationiere
dede_23.mp3	Sogar in den Vereinigten Staaten wurden während der Großen Depression der neunzehnhundertdreißiger Jahre die Index-Klauseln aus Anleihverträgen gestrichen. Das kann also überall passieren.
dede_24.mp3	aber selbst wenn eine sehr hohe inflation möglich ist heißt das noch lange nicht daß sie auch wahrscheinlich ist man sollte daher mit der argumentation vorsichtig sein wonach höhere goldpreise von inflationserwartungen angetrieben sein
dede_25.mp3	mancherorts heißt es auch der lange aufwärtstrend des goldes wäre teilweise durch die entwicklung neuer finanzinstrumente bedingt die den handel und die spekulation mit gold erleichterten
dede_26.mp3	Darin liegt möglicherweise ein Körnchen Wahrheit und ein gewisses Maß an Ironie.
dede_27.mp3	denn schon die mittelalterlichen Alchemisten beschäftigten sich mit der aus heutiger Sicht absurden Suche nach einer Möglichkeit, aus unedeln Metallen Gold zu machen.
dede_28.mp3	Wäre es nicht Paradoxon, wenn es der Finanzalchemie gelänge, den Wert eines Goldbarens dramatisch steigen zu lassen?
dede_29.mp3	Meiner Ansicht nach ist der stärkste Grund für den heutigen hohen Goldpreis der dramatische Aufstieg Asiens, Lateinamerikas und des Mittleren Ostens in die Weltwirtschaft.
dede_30.mp3	Legionen neuer Verbraucher gewinnen an Kaufkraft und damit steigt zwansläufig die Nachfrage, wodurch der Preis für knappe Güter steigt.
dede_31.mp3	zugleich müssen die zentralbanken der schwellenmärkte goldreserven anlegen die sie allerdings noch immer in viel geringerem ausmaß halten als die zentralbanken reicher länder nachdem der euro als möglichkeit der diversifizierung des dollarportefeuilles wenig einladend wirkt steigt natürlich der reiz des goldes
dede_32.mp3	also ja manche fundamentaldaten untermauern durchaus die heutigen goldpreise obwohl es fraglich ist ob und in welchem ausmaß sie höhere preise auch in zukunft untermauern werden
dede_33.mp3	Ein weiterer entscheidender und grundlegender Faktor, der zu hohen Goldpreisen beitrug, könnte sich als weit kurzlebiger erweisen als die Globalisierung.
dede_34.mp3	Der Goldpreis ist extrem empfindlich hinsichtlich globaler Veränderungen des Zinssatzes.
dede_35.mp3	Schließlich bringt Gold keine Zinsen und die Lagerung kostet sogar etwas.
dede_36.mp3	Angesichts der in vielen Ländern teilweise auf einem Rekordtief befindlichen Zinsen ist es relativ billig, mit Gold zu spekulieren, anstatt in Anleihen zu investieren.
dede_37.mp3	Wenn aber die realen Zinssätze signifikant ansteigen, wie dies eines Tages durchaus möglich ist, könnte der Goldkurs abstürzen.
dede_38.mp3	Aus den meisten ökonomischen Forschungsergebnissen geht hervor, dass eine kurz- bis mittelfristige Prognose des Goldpreises sehr schwierig ist, wobei sich die Chancen auf Gewinn und Verlust ungefähr ausgleichen.
dede_39.mp3	Daher ist es gefährlich, aus kurzfristigen Trends Prognosen abzuleiten.
dede_40.mp3	Ja, mit Gold ist es prima gelaufen, aber bis vor ein paar Jahren war es auch mit weltweiten Immobilienpreisen so.
dede_41.mp3	Wenn Sie ein vermögender Investor, ein Staatsfonds oder eine Zentralbank sind, ist es unbedingt sinnvoll, einen bescheidenen Teil Ihres Portfolios zur Absicherung gegen extreme Ereignisse in Gold zu halten.
dede_42.mp3	Aber trotz seiner erhöhten Attraktivität im Gefolge einer außergewöhnlichen Preissteigerung bleibt Gold für die meisten von uns eine sehr riskante Sache.
dede_43.mp3	Natürlich haben derartige Überlegungen möglicherweise wenig Einfluss auf die Goldpreise.
dede_44.mp3	Was für die Alchemisten von damals galt, trifft auch heute noch zu: Gold und Vernunft sind oft schwer unter einen Hut zu bringen.
dede_45.mp3	Ist der Irak das nächste Afghanistan?
dede_46.mp3	Zu Beginn des Irak-Kriegs unter US-Führung bildeten sich zwei konkurrierende Vorhersagen über sein Ergebnis.
dede_47.mp3	die erste behauptete der sturz des sadam husein-regimes dürfte im irak eine era der demokratie einleiten die als modell und katalyzer für die demokratische umgestaltung der region dienen würde
dede_48.mp3	von den kritikern als neue domino theorie verspottet stellte diese ansicht die intervention in den irak als etwas ähnliches wie die rolle dar die amerika nach dem zweiten weltkrieg in japan eingenommen hat
dede_49.mp3	Gegen den Optimismus dieses Japan-Szenarios behaupteten die Pessimisten, dass ein Somalia-Szenario wahrscheinlicher wäre.
dede_50.mp3	sie stützten ihre behauptung auf die stammes konfessions und multiethnische natur des irak die ohne diktatur vermutlich im irak den zusammenbruch in einen mißlungenen staat mit wucherndem kriegsherrenunwesen ethnische und religiöse feiden und unterschlupf für terroristische organisationen auslösen würde
dede_51.mp3	Doch ist jetzt die Hauptfrage, ob der Irak irgendwo zwischen diesen beiden Szenarien entlang triften wird, um zunehmend Afghanistan ähnlicher zu werden.
dede_52.mp3	Dieses afghanische Szenario beinhaltet einen schwachen Staat mit nomineller Macht über tatsächlich autonome Stammestümer, die von starken Männern als ihren Repräsentanten in der Staatsregierung geführt werden.
dede_53.mp3	so schlecht es klingen mag doch scheint diese perspektive ein realistischer kompromiss zwischen der vermutlich utopischen vision einer blühenden vereinigten demokratie und der jämmerlichkeit eines mißlungenen staates zu sein
dede_54.mp3	viele handlungen und richtlinien der provisorischen koalitionsbehörde cpa als auch entscheidungen der regierung bush auf höherer ebene scheinen auf eine resignierende hinnahme hinzudeuten und darauf daß die frühere hoffnung der irak würde eine demokratie westlichen stils annehmen verloren gegangen ist
dede_55.mp3	Tatsächlich sind solche Hoffnungen verloren gegangen.
dede_56.mp3	iraks politische kultur und diejenige des größten teils des nahen ostens verträgt sich nicht mit den grundbestandteilen einer demokratie in einem wiedererkennbaren westlichen stil die vorstellungen von individuellen rechten und individueller verantwortlichkeit fehlen der begriff eines patriarchalischen staates ist tief verwurzelt und die individuelle kulturelle identität ist selten der nationalen gemeinschaft verpflichtet
dede_57.mp3	Andererseits prägen viele Trugschlüsse die Analysen, welche die traditionelle Natur der irakischen Gesellschaft für die Behinderung einer liberalen Demokratie halten.
dede_58.mp3	Denn diese Analysen sind kaum neutral, sondern treten unbeabsichtigt in eine noch andauernde Auseinandersetzung ein.
dede_59.mp3	im irak wird wie anderswo in der arabischen und mohammedanischen welt ein kultureller krieg zwischen zwei musterbildern geführt hier großartige entwürfe die ein kollektivistisches verständnis dulden nationalismus sozialismus islamismus und dort ein unterschwelliges paradigma individualistischer modernität das örtlich verwurzelt aber von globalen erfahrungen getragen wird
dede_60.mp3	Die Frontlinie in diesem Krieg bilden Vorstellungen von der individuellen und kulturellen Identität, der bürgerlichen Gesellschaft und vom Nationalstaat.
dede_61.mp3	Der religiös-islamische Bestandteil im irakischen gesellschaftlichen Leben sollte nicht unterschätzt werden.
dede_62.mp3	Aber es sollte auch nicht mit dem politischen Islamismus auf gleiche Stufe gestellt werden, der sich bemüht, daraus Kapital zu schlagen.
dede_63.mp3	Die nationalistischen und sozialistischen politischen Diskurse haben dem irakischen Wertesystem ihre Spuren aufgedruckt, doch sind sie nicht dessen einzige Bestandteile.
dede_64.mp3	Tatsächlich stellt die nominelle Hinnahme des großartigen Entwurfs der Demokratie und der Menschenrechte als gemeinsame Grundlage für den politischen Diskurs eine wesentliche Verschiebung beim Abstecken der Front im Kulturkampf dar.
dede_65.mp3	Die kulturelle Debatte beschränkt sich nicht auf die arabische Szene.
dede_66.mp3	Es gibt auch im Westen lebhafte Diskussionen über die Anwendbarkeit demokratischer Institutionen im arabischen Kontext.
dede_67.mp3	verfechter der vorstellung einer arabischen sonderstellung welche die fähigkeit der arabischen gesellschaften sich demokratischen systemen anzupassen in frage stellen sind tatsächlich objektiv mit den ideologen der großen entwürfe verbündet und auch mit den nutznisern der auf protektionismus gestützten politischen ordnung der arabischen welt
dede_68.mp3	Die im Westen sowohl von politischen wie akademischen Kreisen zur Analyse und Interpretation der arabischen Gesellschaften benutzten Muster sind ernsthaft unzulänglich.
dede_69.mp3	insbesondere preisen viele analysen heutzutage ein ethnisches modell an reduzieren den irak auf ein künstliches gebilde das einer zersplitterten realität getrennter gemeinschaften übergestöbt wurde
dede_70.mp3	einige haben sogar vorgeschlagen das aufgrund dieser falschen ansichten vorausgesagte ergebnis zu beschleunigen indem man den irak in seine ursprünglich echten bestandteile zerlegt sunniten schiiten und kurden
dede_71.mp3	Tatsächlich ist die irakische Gesellschaft komplexer als dies.
dede_72.mp3	der aufnahme und übernahme der demokratie ist keine funktion von sektenzugehörigkeit sondern der reflektion auf die vieldimensionalen historischen kulturellen religiösen und politischen identitäten der irakischen einzelpersonen
dede_73.mp3	Unter den richtigen Umständen ist es sehr gut möglich, die irakische Gesellschaft in Richtung auf eine demokratische Gestaltung ihres künftigen Staates zu bewegen.
dede_74.mp3	Der Sturz von Saddam leitet solche richtigen Umstände ein.
dede_75.mp3	tatsächlich ist der scheinbare mißerfolg nämlich daß sich im irak innerhalb der ersten wenigen monate nach dem zusammenbruch der diktatur sadams kein erkennbarer demokratischer kern herausgebildet hat mehr auf die eigenheiten des prozesses zurückzuführen als auf eine unterstellte wesenstatur der irakischen gesellschaft
dede_76.mp3	Bis zum Sturz Sadams gab es im Irak eine breite Mittelschicht, die demokratischen Diskursen und Verfahren gegenüber positiv eingestellt war.
dede_77.mp3	Politische Fehler und Umschwünge haben diese Mittelschicht zerrieben und sowohl dem ideologischen Islamismus als auch einem wieder einsetzenden Neobeatismus den Weg geöffnet.
dede_78.mp3	der hauptfehler war das versäumnis der besatzungsmächte die kleine gruppe irakischer liberaler demokraten dafür auszurüsten und zu ermächtigen in diese mittelschicht vorzudringen mit der folge daß der spielraum für ein liberales demokratisches ergebnis schrumpfte
dede_79.mp3	Doch diesen Rückschlag als einen Misserfolg zu betrachten, wäre eine sich selbst bestätigende Prophezeiung.
dede_80.mp3	Die Demokraten im Irak müssen wieder zu einer klaren Öffentlichkeitsstrategie finden und diese entwickeln.
dede_81.mp3	Die CPA und die Weltgemeinschaft sollten das Ergebnis ihrer Bemühungen nicht beeinträchtigen, indem sie einer oberflächlichen und falschen Ansicht über die irakische Gesellschaft folgen.
dede_82.mp3	Selbst wenn solche Anstrengungen erfolgreich sind, wird der Weg zu einem richtig gehenden demokratischen System im Irak noch immer mühsam und kostspielig sein.
dede_83.mp3	doch statt einem somalia scenario zu erliegen oder von einem japan scenario zu träumen oder sich mit einem afghanistan scenario anzufreunden könnte der irak doch noch ein scenario für ein erfolgreiches eingreifen im einundzwanzigsten jahrhundert werden
dede_84.mp3	Eine neu-osmanische Türkei?
dede_85.mp3	ankara die internationalen medien sind heutzutage besessen von der frage wer die türkei verloren habe und was dieser vermeintliche verlust für europa und den westen bedeutet
dede_86.mp3	Alarmierender ist, dass einige Kommentatoren die Nachbarschaftspolitik der Türkei mit einem Wiedererwachen des osmanischen Imperialismus gleichsetzen.
dede_87.mp3	vor kurzem ging ein führender türkischer leitartikler so weit den türkischen außenminister ahmed davutollo mit der aussage zu zitieren wir sind in der tat neu ottomanisch
dede_88.mp3	als jemand der dabei war als davutollo seine rede vor der parlamentarischen fraktion der regierenden türkischen partei für gerechtigkeit und entwicklung a k hielt kann ich bezeugen daß er diese worte nicht benutzt hat
dede_89.mp3	Tatsächlich verwenden weder Davutoglu noch irgendjemand sonst von uns in der außenpolitischen Gemeinschaft der AKP diesen Begriff, weil er schlicht eine Verdrehung unserer Haltung darstellt.
dede_90.mp3	die nachbarschaftspolitik der türkei ist darauf ausgelegt die türkei wieder in ihre unmittelbaren nachbarschaften zu integrieren den balkan die schwarzmeerregion den kaukasus den nahen osten und den östlichen mittelmeerraum
dede_91.mp3	Wir verfolgen das Ziel, unseren politischen Dialog zu vertiefen, unseren Handel zu steigern und die zwischenmenschlichen Kontakte zu unseren Nachbarn in Form des Sports, Tourismus und der kulturellen Aktivitäten auszuweiten.
dede_92.mp3	Als Egon Bahr in den 1960er Jahren seine Ostpolitik formulierte, fragte niemand Wilbrand, ob Deutschland verloren gegangen sei.
dede_93.mp3	Gott hat der Türkei eine geografische Lage gegeben die es zu einer grundlegenden Anforderung macht dass wir uns nach Osten und Westen Norden und Süden hin engagieren
dede_94.mp3	Wir haben dabei weder eine Wahl, noch ist dies ein Luxus, es ist eine Notwendigkeit.
dede_95.mp3	das symbol der byzantinischen und seltschukischen reiche die in etwa dasselbe gebiet bedeckten wie heute die türkei war ein doppelköpfiger adler der nach osten und westen blickte
dede_96.mp3	es sollte niemanden erstaunen daß auch die türkei sich nach beiden enden ihres territoriums hin orientiert und daß sie glaubt ihre sicherheit ließe sich am besten konsolidieren indem sie die risiken gemeinsam mit ihren nachbarn minimiert
dede_97.mp3	Insofern empfinden wir die aktuelle Debatte über die Orientierung der Türkei als recht überflüssig und in einigen Fällen als böswillig.
dede_98.mp3	Unsere Nachbarschaftspolitik braucht Unterstützung, keine Kritik.
dede_99.mp3	Die Türkei hat sich zu einem unbezahlbaren Aktivposten im Gefüge der uns umgebenden Regionen entwickelt und ist schon jetzt dabei, den Status quo hin zu mehr Stabilität und Berechenbarkeit zu ändern.
dede_100.mp3	Unseren Bemühungen um eine Normalisierung der Beziehung zu Armenien etwa ist es bestimmt, einen Wandel im gesamten Südkaukasus herbeizuführen.
dede_101.mp3	Wir leisten unseren Teil, was die Übernahme der Lasten angeht.
dede_102.mp3	Vernünftige Europäer verstehen das.
dede_103.mp3	Sicher, einige unserer Nachbarn sind schwierig.
dede_104.mp3	Aber kein Land genießt den Luxus, sich seine Nachbarn aussuchen zu können.
dede_105.mp3	Die Nachbarschaftspolitik der Türkei ist sehr realistisch und beruht auf genuinen Interessen nicht romantischer neu-ottomanischer Verklärung wie es mehr als nur ein paar internationale Kommentatoren suggerieren
dede_106.mp3	Es gibt durchaus eine neotomanische Wiederbelebung im kulturellen Bereich und unsere Bürger sind interessiert daran, Leben, Kultur und Praktiken der Ottomanen neu zu entdecken.
dede_107.mp3	Die Türkei normalisiert sich innenpolitisch und interpretiert dabei auch ihr nationalhistorisches Verständnis neu.
dede_108.mp3	Dies ist ein natürliches Nebenprodukt der Konsolidierung unserer Demokratie.
dede_109.mp3	der versuch jedoch unseren sorgfältig konzipierten außenpolitischen initiativen einen imperialistischen anstrich zu verleihen ist nicht nur eine völlige verdrehung der tatsachen sondern fügt auch unseren wohlmeinenden bemühungen zur stabilisierung unserer region grobes unrecht zu
dede_110.mp3	In der römischen Mythologie war Janus der Gott der Türen und Tore, der Gott von Anfang und Ende.
dede_111.mp3	Die heutige Türkei mit ihrer janusartigen Geographie eröffnet dem Osten und dem Westen Türen und Tore.
dede_112.mp3	Sie bietet dem Kaukasus, der Schwarzwärtregion, dem Balkan und dem Mittelmeer Gelegenheiten vom Neuanfang und auch dazu, Dinge zu Abschluss zu bringen.
dede_113.mp3	In dieser Eigenschaft komplementiert und unterstützt die Türkei einen einzigartigen Übergang zwischen anderweitig schwierigen Regionen, denn sie steht für jahrhunderte alte Koexistenz und Anpassung.
dede_114.mp3	Die türkische Außenpolitik trägt zu diesem Aufeinanderzugehen bei und hilft ihren unmittelbaren Nachbarschaften, den Kontakt zueinander zu finden.
dede_115.mp3	Anders als in jüngster Zeit behauptet, streben die Außenpolitiker der Türkei keine Wiederbelebung des Osmanischen Reiches an.
dede_116.mp3	Stattdessen bemühen wir uns um eine historische Reintegration der Türkei in ihre unmittelbaren Nachbarschaften und korrigieren damit eine Anomalie aus der Zeit des Kalten Krieges.
dede_117.mp3	Eine derartige Reintegration würde der Europäischen Union und unseren anderen westlichen NATO-Verbündeten nur nützen.
dede_118.mp3	Keiner von ihnen hat daher einen Grund, Unbehagen über die Türkei zu äußern.
dede_119.mp3	paris während sich die wirtschaftskrise vertieft und ausweitet ist die welt auf der suche nach historischen analogien die uns helfen sollen die geschehnisse zu verstehen
dede_120.mp3	zu beginn der krise wurde sie von vielen mit oder verglichen was beruhigend war da sich beide daten auf klassische zyklische konjunkturabschwünge beziehen
dede_121.mp3	heute ist die stimmung wesentlich trostloser und bezüge auf die jahre und beginnen sichtbar zu werden auch wenn einige regierungen sich weiterhin so verhalten als sei die krise eher klassisch als außergewöhnlich
dede_122.mp3	Die Tendenz ist entweder eine übermäßige Zügelung, Europa, oder eine Streuung der Bemühungen, die Vereinigten Staaten.
dede_123.mp3	europa ist zurückhaltend um schulden zu vermeiden und den euro zu schützen die usa hingegen haben an vielen fronten maßnahmen ergriffen um die ideale gelegenheit zur durchführung dringend erforderlicher strukturreformen nicht zu versäumen
dede_124.mp3	Geostrategen hingegen fällt sowohl in politischer als auch in wirtschaftlicher Hinsicht natürlich das Jahr 1989 ein.
dede_125.mp3	Der Niedergang der Investmentbank Lehman Brothers hat natürlich nichts mit dem Fall der Berliner Mauer zu tun.
dede_126.mp3	oberflächlich scheint er sogar seine perfekte antithese zu sein der zusammenbruch einer mauer die unterdrückung und künstliche teilungen symbolisiert im vergleich zum zusammenbruch einer scheinbar unzerstörbaren und beruhigenden institution des
dede_127.mp3	dennoch könnten die jahre ähnlich wie durchaus einem epochalen wandel entsprechen dessen deutlich werdende konsequenzen jahrzehntelang spürbar sein werden
dede_128.mp3	Das Ende der ideologischen Teilung zwischen Ost und West und das Ende des absoluten Vertrauens in die Märkte sind historische Wendepunkte.
dede_129.mp3	und was im jahr geschehen wird könnte einige der positiven resultate des jahres gefährden einschließlich der friedlichen wiedervereinigung europas und des sieges demokratischer prinzipien über nationalistische wenn nicht sogar fremdenfeindliche tendenz
dede_130.mp3	Im Jahr 1989 hat die liberale Demokratie einen Triumph über die sozialistische Ideologie errungen, die vom Ostblock verkörpert und gefördert wurde.
dede_131.mp3	für viele seiner anhänger war es präsident ronald reagan der die sowjetische wirtschaft mit seiner wohlüberlegten zuspitzung des rüstungswettlaufs an ihre grenzen brachte und somit den vollen beweis für die überlegenheit liberaler gesellschaften und freier märkte erbrachte
dede_132.mp3	Natürlich gibt es deutliche Unterschiede zwischen 1989 und heute.
dede_133.mp3	erstens und vielleicht vor allem haben die revolutionen des jahres und der darauf folgende zusammenbruch der sowjetunion der globalen bipolarität ein ende bereitet
dede_134.mp3	Im Gegensatz dazu wird das Jahr 2009 vermutlich den Weg für eine neue Form der Bipolarität ebnen, wobei allerdings China den Platz der Sowjetunion einnimmt.
dede_135.mp3	während demokratie und marktkapitalismus im jahr als klare wenn auch schwächere als erwartete gewinner schienen ist es in anbetracht der ausdehnung der globalen krise schwierig gewinner von verlierern zu unterscheiden
dede_136.mp3	Jeder scheint ein Verlierer zu sein, auch wenn einige stärker betroffen sind als andere.
dede_137.mp3	Doch Geschichte ist ungerecht und die USA könnten trotz ihrer größeren Verantwortung für die gegenwärtige globale Krise in besserer Verfassung aus dem Morast auftauchen als die meisten Länder.
dede_138.mp3	In besserer Verfassung, aber nicht allein.
dede_139.mp3	Als Gastprofessor in Harvard und damit erhalte ich einen guten Ausblick darauf, wie die Welt aussehen könnte, wenn die Krise schließlich aufhört.
dede_140.mp3	Man spürt so etwas wie die Entstehung eines amerikanisch-asiatisch dominierten Universums.
dede_141.mp3	die asiaten insbesondere chinesen und inder sind überall vom unglaublichen media lab ameth bis zu den fakultäten für mathematik und wirtschaft in harvard wie die römer in athen im ersten jahrhundert v christus voller bewunderung für jene von denen sie so viel gelernt haben und die sie in den kommenden jahrzehnten hinter sich lassen werden
dede_142.mp3	Aber bevor diese neue Ordnung auftaucht, könnte die Welt mit einer sich ausweitenden Unordnung, wenn nicht sogar völligem Chaos, konfrontiert werden.
dede_143.mp3	was wird zum beispiel mit einem so zentralen und verwundbaren land wie ägypten passieren wenn hunderttausende von ägyptern die am golf arbeiten infolge der krise in den erdöl produzierenden ländern gezwungen sind in ihre heimat zurückzukehren
dede_144.mp3	Wenn die Reichen weniger reich werden, werden die Armen ärmer.
dede_145.mp3	und was ist mit den ausländischen arbeitern die nach dem europäischen traum gegriffen haben und jetzt mit potenziellen ausbrüchen von fremdenfeindlichkeit in europas angeblich offenen ländern konfrontiert sind
dede_146.mp3	Die Konsequenzen des Jahres 1989 waren letztlich weniger dauerhaft als viele Beobachter, ich eingeschlossen, angenommen hatten.
dede_147.mp3	wir können nur hoffen daß die konsequenzen des jahres in vergleichbarer weise als wesentlich weniger dramatisch erweisen werden als es sich heute intuitiv und durch unsere historischen reflexen für uns anfühlt
dede_148.mp3	New York Als der Zweite Weltkrieg am 8. Mai 1945 in Europa offiziell endete, lagen weite Teile der Welt in Trümmern.
dede_149.mp3	Aber auch wenn die Fähigkeit des Menschen zur Zerstörung kaum Grenzen kennt, so ist seine Begabung für einen Neuanfang ebenso bemerkenswert.
dede_150.mp3	Vielleicht ist es der Menschheit aus diesem Grund bisher gelungen, zu überleben.
dede_151.mp3	Zweifellos waren Millionen Menschen bei Kriegsende zu hungrig und erschöpft, um jenseits des nackten Überlebens viel zu unternehmen.
dede_152.mp3	dennoch rührte gleichzeitig auch eine welle des idealismus durch die ruinen ein kollektives gefühl der entschlossenheit eine gerechtere friedlichere und sichere welt zu errichten
dede_153.mp3	aus diesem grund wurde auch der große held des krieges winston churchill im sommer noch vor der kapitulation japans als premierminister abgewählt
dede_154.mp3	Männer und Frauen hatten nicht ihr Leben riskiert, nur um danach wieder in die alte Zeit der Klassenprivilegien und der sozialen Benachteiligung zurückzukehren.
dede_155.mp3	Sie wollten bessere Wohnungen, Bildung und kostenlose Gesundheitsversorgung für alle.
dede_156.mp3	ähnliche forderungen wurden in ganz europa laut wo der antinazistische oder antifaschistische widerstand oftmals von linken oder auch kommunisten angeführt wurde und die konservativen aus der vorkriegszeit häufig durch ihre kollaboration mit faschistischen regimen belastet waren
dede_157.mp3	In Ländern wie Frankreich, Italien und Griechenland war von Revolution die Rede.
dede_158.mp3	Diese fanden allerdings nicht statt, weil sie weder von den westlichen Alliierten noch von der Sowjetunion unterstützt wurden.
dede_159.mp3	Stalin gab sich zufrieden, in Osteuropa ein Reich entstehen zu lassen.
dede_160.mp3	aber sogar charles de gaulle ein anführer des widerstands der rechten mußte in seiner ersten nachkriegsregierung kommunisten akzeptieren und er stimmte zu industriebetriebe und banken zu verstaatlichen
dede_161.mp3	Der Schwenk nach links in Richtung sozialdemokratischer Wohlfahrtsstaaten vollzog sich in ganz Westeuropa.
dede_162.mp3	Er war Teil des Konsenses des Jahres 1945.
dede_163.mp3	eine andere art revolution ereignete sich in den ehemaligen europäischen kolonien in asien wo die einheimischen bevölkerungen keine lust hatten erneut von westlichen mächten regiert zu werden denen von japan eine derart schmachvolle niederlage zugefügt worden war
dede_164.mp3	Auch Vietnamesen, Indonesier, Filipinos, Burmesen, Inder und Malaysier wollten ihre Freiheit.
dede_165.mp3	Diese Bestrebungen wurden oftmals in den 1945 gegründeten Vereinten Nationen zum Ausdruck gebracht.
dede_166.mp3	Die UNO war ebenso wie der Traum von der europäischen Einheit Teil des Konsenses des Jahres 1945.
dede_167.mp3	kurzzeitig waren zahlreiche prominente personen wie beispielsweise albert einstein der meinung daß nur eine weltregierung in der lage wäre den globalen frieden sicherzustellen
dede_168.mp3	dieser traum zerplatzte rasch als der kalte krieg die welt in zwei feindliche blöcke aufteilte doch in mancherlei hinsicht wurde der konsens des jahres im westen durch die politik des kalten krieges gestärkt
dede_169.mp3	der noch immer in die lorbeeren des antifaschismus gehüllte kommunismus verfügte nicht nur in der sogenannten dritten welt sondern auch in westeuropa über weitreichende intellektuelle und emotionale anziehungskraft
dede_170.mp3	Die Sozialdemokratie mit ihrem Versprechen größerer Gleichheit und Chancen für alle diente als ideologisches Gegenmittel.
dede_171.mp3	Tatsächlich waren die meisten Sozialdemokraten erbitterte Gegner des Kommunismus.
dede_172.mp3	Heute, 70 Jahre später, haben sich große Teile des Konsenses des Jahres 1945 überlebt.
dede_173.mp3	Wenigen Menschen gelingt es, große Begeisterung für die UNO aufzubringen.
dede_174.mp3	Der europäische Traum befindet sich in der Krise.
dede_175.mp3	Und der sozialdemokratische Wohlfahrtsstaat der Nachkriegszeit wird mit jedem Tag stärker ausgehöhlt.
dede_176.mp3	Dieser Verfall begann in den 1980er Jahren unter Ronald Reagan und Margaret Thatcher.
dede_177.mp3	Die Neoliberalen nahmen die Kosten der Sozialprogramme und die Partikularinteressen der Gewerkschaften ins Visier.
dede_178.mp3	Die Bürger, so meinte man, müssten stärker selbstverantwortlich agieren. Staatliche Sozialprogramme würden sie träge und abhängig machen.
dede_179.mp3	Eine berühmte Formulierung Tuchers zufolge gab es so etwas wie eine Gesellschaft nicht, sondern nur Familien und Individuen, die für sich selbst sorgen sollten.
dede_180.mp3	doch dem konsens des jahres wurde ein noch viel stärkerer schlag versetzt als wir alle den zusammenbruch des sowjetimperiums der anderen großen tyrannie des zwanzigsten jahrhunderts bejubelten
dede_181.mp3	im jahr hatte es den anschein als ob das dunkle vermächtnis des zweiten weltkrieges nämlich die versklavung osteuropas schließlich ein ende gefunden hätte
dede_182.mp3	Und in vielerlei Hinsicht war dem auch so.
dede_183.mp3	Doch mit dem sowjetischen Modell brach auch noch anderes zusammen.
dede_184.mp3	Die Sozialdemokratie verlor ihre Daseinsberechtigung als Gegenmittel zum Kommunismus.
dede_185.mp3	aller arten linker ideologie ja überhaupt alles was den beigeschmack des kollektiven idealismus aufwies wurde als fehlgeleiterter utopismus betrachtet der nur in den gulag führen könne
dede_186.mp3	Der Neoliberalismus füllte dieses Vakuum.
dede_187.mp3	er brachte einigen menschen enormen reichtum allerdings auf kosten des gleichheitsideals das nach dem zweiten weltkrieg entstanden war die außerordentliche resonanz des buchs das kapital im jahrhundert von thomas picchetti zeigt wie intensiv die folgen des zusammenbruchs der linken empfunden wurden
dede_188.mp3	In den letzten Jahren entwickelten sich auch andere Ideologien, um dem menschlichen Bedürfnis nach kollektiven Idealen gerecht zu werden.
dede_189.mp3	Der Aufstieg des rechten Populismus ist Ausdruck einer wiederbelebten Sehnsucht nach rein nationalen Gemeinschaften, aus denen Einwanderer und Minderheiten fern gehalten werden.
dede_190.mp3	Und die amerikanischen Neokonservativen haben den Internationalismus der alten Linken in perverser Weise umgewandelt, indem sie versuchen, mit US-Militärgewalt eine demokratische Weltordnung zu etablieren.
dede_191.mp3	Die Antwort auf diese alarmierenden Entwicklungen lautet nicht Nostalgie.
dede_192.mp3	Wir können nicht einfach in die Vergangenheit zurückkehren.
dede_193.mp3	Dafür hat sich zu viel verändert.
dede_194.mp3	Aber neue Bestrebungen in Richtung sozialer und wirtschaftlicher Gleichheit sowie internationaler Solidarität sind dringend erforderlich.
dede_195.mp3	dabei kann es sich nicht um den gleichen konsens wie im jahr handeln aber wir wären an diesem jahrestag gut beraten uns zu erinnern warum dieser konsens überhaupt erzielt wurde
dede_196.mp3	100 Jahre Unvermögen.
dede_197.mp3	berlin die globale finanz und wirtschaftskrise die begann war der größte wirtschaftliche belastungstest seit der großen depression und die größte herausforderung für die gesellschaftlichen und politischen systeme seit dem zweiten weltkrieg
dede_198.mp3	Sie brachte nicht nur Finanzmärkte und Währungen in Gefahr, sondern deckte zugleich ernste Regulierungs- und Steuerungsdefizite auf, die noch immer nicht vollständig behoben sind.
dede_199.mp3	tatsächlich wird man die krise von aller vorausschauung nach als einen wendepunkt in erinnerung behalten aber nicht weil sie zu reformen führte die die wirtschaftliche belastbarkeit stärkten und schwächen beseitigten
dede_200.mp3	im gegenteil das versäumnis der regierungen lehren aus der großen rezession zu ziehen oder gar zu befolgen könnte den weg für eine reihe neuer wirtschaftlicher und sonstiger krisen in den kommenden jahrzehnten bereiten
dede_201.mp3	Egal, als wie schwerwiegend sich diese Krisen erweisen, in hundert Jahren werden die Historiker vermutlich an unserer Kurzsichtigkeit verzweifeln.
dede_202.mp3	Sie werden feststellen, dass sich Analysten und Regulierer eng auf die Reparatur des Finanzsystems konzentrierten, indem sie die nationalen Aufsichtssysteme stärkten.
dede_203.mp3	Und Sie werden darauf verweisen, dass dies zwar ein ehrenwertes Ziel, aber bei weitem nicht die einzige Notwendigkeit war.
dede_204.mp3	die welt dafür zu rüsten den von globalisierung und technologischer entwicklung ausgehenden herausforderungen auf eine weise zu begegnen die ein nachhaltiges und gerechtes wachstum unterstützt erfordert die drastische verbesserung der ordnungspolitischen institutionen und regeln auf nationaler wie internationaler ebene
dede_205.mp3	Doch wurde in dieses Unterfangen bisher nicht annähernd genug investiert.
dede_206.mp3	Von regionalen Einrichtungen wie der Europäischen Union abgesehen, hat sich bei der Steuerung des internationalen Finanzsystems kaum etwas getan.
dede_207.mp3	schlimmer noch weil die partiellen fehlerkorrekturen am finanzsystem eine noch stärkere globalisierung ermöglichen werden werden sie die lage letztlich verschlimmern da die belastungen denen der schon jetzt unzureichende steuerungs und regulierungsrahmen ausgesetzt ist nicht nur im finanzsektor sondern auch in anderen wirtschafts und technologiezweigen zunehmen
dede_208.mp3	Zugleich dürften die auf die Erzielung höherer Renditen ausgerichteten enormen Finanzinvestitionen die technologische Innovation anheizen und damit die Regulierungssysteme im Finanzsektor und darüber hinaus weiteren Belastungen aussetzen.
dede_209.mp3	Durch billiges Geld angehitzte bedeutende technologische Fortschritte können an den Märkten zu derart schnellen Veränderungen führen, dass der politische und institutionelle Wandel nicht nachkommt.
dede_210.mp3	und es können neue märkte entstehen die frühen anwendern oder investoren die davon profitieren daß sie den nationalen und internationalen regulierungsbehörden immer mehrere schritte voraus sind enorme gewinne bieten
dede_211.mp3	Genau das ist im Vorfeld der Krise von 2008 passiert.
dede_212.mp3	Neue, durch die Technologie ermöglichte Finanzinstrumente boten einigen Gelegenheit, enorme Summen zu verdienen.
dede_213.mp3	Doch die Regulierungsbehörden konnten mit den Neuerungen nicht Schritt halten und diese brachten dann letztlich Risiken hervor, die die gesamte Volkswirtschaft in Mitleidenschaft zogen.
dede_214.mp3	Dies verweist auf einen grundlegenden Unterschied zwischen den globalen Krisen des 21. Jahrhunderts und beispielsweise der Großen Depression der 1930er Jahre oder in der Tat allen vergangenen Krisen am Aktienmarkt.
dede_215.mp3	Aufgrund des Wachstums des Finanzsektors profitieren mehr Akteure kurzfristig von der unzureichenden Regulierung und schwachen Steuerung, was die Verhinderung heutiger Krisen erschwert.
dede_216.mp3	Die Lage wird zusätzlich dadurch kompliziert, dass die von den heutigen Krisen betroffenen Systeme deutlich über die Zuständigkeit der einzelnen Regulierungsbehörden hinausreichen.
dede_217.mp3	Dies macht Krisen deutlich schwerer beherrschbar und ihre Folgen, einschließlich ihres langfristigen Einflusses auf Gesellschaft und Politik, schwerer vorhersehbar.
dede_218.mp3	die durch den zunehmenden nationalismus und eine wachsende mißachtung der wissenschaften und tatsachen gestützten politischen entscheidungen wahrscheinlicher gemacht kommenden krisen könnten finanzieller art sein aber sie könnten auch so unterschiedliche bereiche wie die migration den handel den virtuellen raum die umweltschmutzung und den klimawandel einbeziehen
dede_219.mp3	In all diesen Bereichen sind die nationalen und internationalen ordnungspolitischen Institutionen schwach oder unvollständig ausgebildet und es gibt kaum unabhängige Akteure wie etwa Wetztuckgruppen, die Transparenz und Rechenschaftspflicht einfordern.
dede_220.mp3	dies erschwert nicht nur die verhinderung von krisen nicht zuletzt weil es chancen für akteure schafft das system zu manipulieren und die verantwortung abzuwälzen sondern auch die reaktion darauf
dede_221.mp3	Die Krise von 2008 wirft ein Schlaglicht darauf, wie schlecht wir es vermögen, schnell auf Katastrophen zu reagieren, insbesondere auf solche, die durch eine Fragmentierung der Ordnungspolitik befeuert werden.
dede_222.mp3	Natürlich wurden bei der Vorbereitung auf Krisen und ihrer Steuerung Verbesserungen erreicht. Der Governance Report 2018 der Hurt High School zeigt dies.
dede_223.mp3	Doch wir müssen in einem weiten Spektrum von Bereichen vom Finanzsektor über digitale Technologien bis hin zum Klimawandel wachsamer werden in Bezug auf Entwicklungen, die sich den Steuerungskapazitäten der nationalen und internationalen Institutionen entziehen.
dede_224.mp3	wir sollten krisenszenarien und notfallplanungen für turbulenzen in all diesen bereichen durchspielen und verstärkte schritte unternehmen um die risiken abzumildern dies schließt die steuerung des schuldenniveaus ein das in den hochentwickelten volkswirtschaften heute deutlich höher ist als vor der krise von
dede_225.mp3	Zudem sollten wir sicherstellen, dass wir die internationalen Institutionen mit den nötigen Ressourcen und Zuständigkeiten ausstatten.
dede_226.mp3	Und indem wir diejenigen bestrafen, die die Risiken aus Eigeninteresse verschärfen, würden wir die Legitimität der globalen Ordnungspolitik und der Institutionen, die diese umsetzen sollen, stärken.
dede_227.mp3	Ein wichtiges Hindernis für die Verhinderung und Steuerung von Krisen ist derzeit die unzureichende grenzüberschreitende Koordinierung und Durchsetzung internationaler Abkommen.
dede_228.mp3	doch statt diese schwäche in angriff zu nehmen verfällt die welt neuerlich auf ein veraltetes modell nationaler souveränität das krisen unterschiedlicher art wahrscheinlicher macht
dede_229.mp3	Sofern wir nicht bald Kurs wechseln, wird die Welt des Jahres 2118 jeden Grund haben, mit Verachtung auf uns herabzuschauen.
dede_230.mp3	2011: Meine persönliche Odyssee im Weltraum.
dede_231.mp3	moskau die meisten menschen die mich kennen halten mich für eine expertin auf dem gebiet der informationstechnologie die wahrscheinlich in kalifornien lebt und in angesagte internetstartups investiert
dede_232.mp3	tatsächlich habe ich meinen hauptwohnsitz in new york und demnächst werde ich für fünf monate nach rußland gehen um mich in der sternenstadt in der nähe von moskau zur kosmonautin ausbilden zu lassen
dede_233.mp3	Verschiedene Wege führten mich dorthin.
dede_234.mp3	Als Kind dachte ich, dass ich ohne große Anstrengungen meinerseits eines Tages zum Mond fliegen würde.
dede_235.mp3	Es war für mich klar, dass Reisen ins All eine Selbstverständlichkeit sein würden, wenn ich einmal so um die vierzig bin.
dede_236.mp3	mein vater arbeitete am raumfahrtprogramm der usa mit und daheim hatten wir ein paar steine vom mond deshalb dachte ich daß so eine reise ins all keine große sache sein kann
dede_237.mp3	Anschließend war ich ungefähr 40 Jahre lang anderweitig beschäftigt.
dede_238.mp3	Vor ein paar Jahren allerdings rückte die Raumfahrt wieder in das Zentrum meiner Aufmerksamkeit.
dede_239.mp3	Vielen Bekannter aus dem IT-Bereich erging es gleich: Elon Musk, Mitbegründer von PayPal, gründete die Firma SpaceX.
dede_240.mp3	Jeff Bezos von Amazon etablierte ein Raumfahrtunternehmen namens Blue Origin.
dede_241.mp3	Jeff Grieson, hochrangiger Manager bei Intel, gründete Axior Aerospace, an dem ich beteiligt bin.
dede_242.mp3	Und im Jahr 2005 als ich meine Konferenz PC Forum für IT-Unternehmer zum letzten Mal abhielt, initiierte ich eine andere Konferenz namens Voitzko für Unternehmer aus den Bereichen Raumfahrt und private Luftfahrt.
dede_243.mp3	Im selben Jahr war ich mit einem kleinen Team in Südafrika, um Präsident Habombeki und seine Regierung in Fragen der IT-Politik zu beraten.
dede_244.mp3	ein mitglied dieses teams war mark shuttleworth gründer von tatte das später an verisayn verkauft wurde der erst kurz davor von einer reise ins all zurückgekehrt war an der er als zweiter weltraumtourist teilgenommen hatte
dede_245.mp3	Eines Abends saßen wir bei Sonnenuntergang um ein Lagerfeuer, als 50 südafrikanische Schulkinder in Bussen ankamen.
dede_246.mp3	Zusammen mit Präsident Mbeki bestand die Gruppe aus etwa 100 Personen, die sich um das lodernde Feuer versammelt hatten.
dede_247.mp3	Nach Einbruch der Dunkelheit wurde eine Leinwand aufgestellt und Mark zeigte uns Videos aus dem Weltraum.
dede_248.mp3	er erzählte uns faszinierende geschichten von seinen abenteuern und untermalte dies mit bildern wo zu sehen war wie er in der schwerelosigkeit schwebte und versuchte tropfen mit seinem mund zu fangen u s w
dede_249.mp3	Die Kinder hatten riesigen Spaß und ich bin mir sicher, dass manche auf der Stelle den Entschluß faßten, Mathematik und Naturwissenschaften zu studieren.
